Item Code,Revenue
102900005116714,269874.2472
102900005116899,211652.1013
102900005116530,211198.38640000002
102900011016701,205113.6991
102900005115779,129756.9615
102900005116257,117729.4239
102900005117056,95568.6339
102900011000328,82009.3451
102900005115984,70665.1061
102900011021842,64339.600000000006
